,ds,trend,yhat_lower,yhat_upper,trend_lower,trend_upper,additive_terms,additive_terms_lower,additive_terms_upper,weekly,weekly_lower,weekly_upper,multiplicative_terms,multiplicative_terms_lower,multiplicative_terms_upper,yhat
0,2020-07-27,314.1061542115255,247.79601349460188,382.12780509415563,314.1061542115255,314.1061542115255,-0.0419486892433978,-0.0419486892433978,-0.0419486892433978,-0.0419486892433978,-0.0419486892433978,-0.0419486892433978,0.0,0.0,0.0,314.0642055222821
1,2020-07-28,315.65945730581086,254.78203114776449,386.5373048884297,315.65945730581086,315.65945730581086,3.029316180424671,3.029316180424671,3.029316180424671,3.029316180424671,3.029316180424671,3.029316180424671,0.0,0.0,0.0,318.6887734862355
2,2020-07-29,317.21276040009616,253.11915712228188,386.0352256728676,317.21276040009616,317.21276040009616,1.2250462902144859,1.2250462902144859,1.2250462902144859,1.2250462902144859,1.2250462902144859,1.2250462902144859,0.0,0.0,0.0,318.43780669031065
3,2020-07-30,318.7660634943815,259.8070140482931,384.7234007698812,318.7660634943815,318.7660634943815,1.207707616360859,1.207707616360859,1.207707616360859,1.207707616360859,1.207707616360859,1.207707616360859,0.0,0.0,0.0,319.97377111074235
4,2020-07-31,320.3193665886668,255.71547500879632,389.6684080868299,320.3193665886668,320.3193665886668,1.9735357218194038,1.9735357218194038,1.9735357218194038,1.9735357218194038,1.9735357218194038,1.9735357218194038,0.0,0.0,0.0,322.2929023104862
5,2020-08-03,324.9792758715228,266.4767818122106,391.66820718372503,324.9792758715228,324.9792758715228,-0.041948689242358776,-0.041948689242358776,-0.041948689242358776,-0.041948689242358776,-0.041948689242358776,-0.041948689242358776,0.0,0.0,0.0,324.93732718228046
6,2020-08-04,326.5325789658081,263.2901614584988,398.17051108274615,326.5325789658081,326.5325789658081,3.029316180423153,3.029316180423153,3.029316180423153,3.029316180423153,3.029316180423153,3.029316180423153,0.0,0.0,0.0,329.5618951462313
7,2020-08-05,328.0858820600934,261.3262512300257,394.3583838194585,328.0858820600934,328.0858820600934,1.2250462902097887,1.2250462902097887,1.2250462902097887,1.2250462902097887,1.2250462902097887,1.2250462902097887,0.0,0.0,0.0,329.3109283503032
8,2020-08-06,329.63918515437877,263.3587213228849,390.49635211880343,329.63918515437877,329.63918515437877,1.2077076163609317,1.2077076163609317,1.2077076163609317,1.2077076163609317,1.2077076163609317,1.2077076163609317,0.0,0.0,0.0,330.8468927707397
9,2020-08-07,331.1924882330441,269.52667280391825,399.61114678021653,331.1924882330441,331.1924882330441,1.9735357218180332,1.9735357218180332,1.9735357218180332,1.9735357218180332,1.9735357218180332,1.9735357218180332,0.0,0.0,0.0,333.16602395486217
10,2020-08-10,335.85239746904017,269.09554113564747,404.6415759242554,335.85239746904017,335.85239746904017,-0.04194868924131985,-0.04194868924131985,-0.04194868924131985,-0.04194868924131985,-0.04194868924131985,-0.04194868924131985,0.0,0.0,0.0,335.81044877979883
11,2020-08-11,337.4057005477055,277.40915080695265,403.43816811041427,337.4057005477055,337.4057005477055,3.0293161804216346,3.0293161804216346,3.0293161804216346,3.0293161804216346,3.0293161804216346,3.0293161804216346,0.0,0.0,0.0,340.43501672812715
12,2020-08-12,338.9590036263709,275.0300926575596,406.0435635863381,338.9590036263709,338.9590036263709,1.2250462902100099,1.2250462902100099,1.2250462902100099,1.2250462902100099,1.2250462902100099,1.2250462902100099,0.0,0.0,0.0,340.1840499165809
13,2020-08-13,340.5123067050362,278.6803865078994,410.31525250197626,340.5123067050362,340.5123067050362,1.207707616355337,1.207707616355337,1.207707616355337,1.207707616355337,1.207707616355337,1.207707616355337,0.0,0.0,0.0,341.72001432139155
14,2020-08-14,342.0656097837016,275.6798809313287,408.91944468843917,342.0656097837016,342.0656097837016,1.9735357218248815,1.9735357218248815,1.9735357218248815,1.9735357218248815,1.9735357218248815,1.9735357218248815,0.0,0.0,0.0,344.03914550552645
15,2020-08-17,346.72551901969763,280.2616013568775,411.2036990316403,346.72551901969763,346.72551901969763,-0.04194868923331128,-0.04194868923331128,-0.04194868923331128,-0.04194868923331128,-0.04194868923331128,-0.04194868923331128,0.0,0.0,0.0,346.6835703304643
16,2020-08-18,348.27882209836304,286.1901961311564,416.4836052321054,348.27882209836304,348.27882209836304,3.029316180422631,3.029316180422631,3.029316180422631,3.029316180422631,3.029316180422631,3.029316180422631,0.0,0.0,0.0,351.3081382787857
17,2020-08-19,349.8321251862939,280.2694371004481,421.69179091932574,349.8321251862939,349.8321251862939,1.2250462902102317,1.2250462902102317,1.2250462902102317,1.2250462902102317,1.2250462902102317,1.2250462902102317,0.0,0.0,0.0,351.05717147650415
18,2020-08-20,351.38542827422486,288.7676693968162,417.0493677260896,351.38542827422486,351.38542827422486,1.20770761635541,1.20770761635541,1.20770761635541,1.20770761635541,1.20770761635541,1.20770761635541,0.0,0.0,0.0,352.5931358905803
19,2020-08-21,352.93873136215586,289.95886281305013,418.1106375565365,352.93873136215586,352.93873136215586,1.9735357218208625,1.9735357218208625,1.9735357218208625,1.9735357218208625,1.9735357218208625,1.9735357218208625,0.0,0.0,0.0,354.9122670839767
20,2020-08-24,357.59864062594875,290.9969595714224,423.82108372544377,357.59864062594875,357.59864062594875,-0.041948689252817944,-0.041948689252817944,-0.041948689252817944,-0.041948689252817944,-0.041948689252817944,-0.041948689252817944,0.0,0.0,0.0,357.5566919366959
21,2020-08-25,359.1519437138797,291.0851909505419,428.53772180944816,359.1519437138797,359.1519437138797,3.0293161804257767,3.0293161804257767,3.0293161804257767,3.0293161804257767,3.0293161804257767,3.0293161804257767,0.0,0.0,0.0,362.18125989430547
22,2020-08-26,360.70524680181063,297.5690075868584,430.3801201563615,360.70524680181063,360.70524680181063,1.2250462902104526,1.2250462902104526,1.2250462902104526,1.2250462902104526,1.2250462902104526,1.2250462902104526,0.0,0.0,0.0,361.9302930920211
23,2020-08-27,362.2585498897416,299.8703878993251,429.9175348606353,362.2585498897416,362.2585498897416,1.2077076163596834,1.2077076163596834,1.2077076163596834,1.2077076163596834,1.2077076163596834,1.2077076163596834,0.0,0.0,0.0,363.4662575061013
24,2020-08-28,363.8118529776725,300.4632612218556,427.656765436422,363.8118529776725,363.8118529776725,1.973535721822141,1.973535721822141,1.973535721822141,1.973535721822141,1.973535721822141,1.973535721822141,0.0,0.0,0.0,365.78538869949466
25,2020-08-31,368.4717621996667,302.1194002016673,432.6395282524335,368.4717621996667,368.4717621996667,-0.041948689248294,-0.041948689248294,-0.041948689248294,-0.041948689248294,-0.041948689248294,-0.041948689248294,0.0,0.0,0.0,368.42981351041846
26,2020-09-01,370.0250652736647,301.4954504640096,433.39366532520864,370.0250652736647,370.0250652736647,3.0293161804195945,3.0293161804195945,3.0293161804195945,3.0293161804195945,3.0293161804195945,3.0293161804195945,0.0,0.0,0.0,373.0543814540843
27,2020-09-02,371.57836834766283,307.33789291423597,431.01938583583916,371.57836834766283,371.57836834766283,1.2250462902057548,1.2250462902057548,1.2250462902057548,1.2250462902057548,1.2250462902057548,1.2250462902057548,0.0,0.0,0.0,372.80341463786857
28,2020-09-03,373.1316714216609,310.153065654701,439.6917952878671,373.1316714216609,373.1316714216609,1.2077076163555565,1.2077076163555565,1.2077076163555565,1.2077076163555565,1.2077076163555565,1.2077076163555565,0.0,0.0,0.0,374.33937903801643
29,2020-09-04,374.68497449565893,310.0450021231719,441.90289757755306,374.68497449565893,374.68497449565893,1.973535721818122,1.973535721818122,1.973535721818122,1.973535721818122,1.973535721818122,1.973535721818122,0.0,0.0,0.0,376.65851021747704
30,2020-09-08,380.89818679165114,318.56389257725783,447.37723233463066,380.89818679165114,380.89818679165114,3.0293161804227404,3.0293161804227404,3.0293161804227404,3.0293161804227404,3.0293161804227404,3.0293161804227404,0.0,0.0,0.0,383.9275029720739
31,2020-09-09,382.4514898656492,325.1712902732299,451.1416471197682,382.4514898656492,382.4514898656492,1.2250462902109238,1.2250462902109238,1.2250462902109238,1.2250462902109238,1.2250462902109238,1.2250462902109238,0.0,0.0,0.0,383.6765361558601
32,2020-09-10,384.00479293964725,321.75200258182105,449.4650264880852,384.00479293964725,384.00479293964725,1.2077076163541611,1.2077076163541611,1.2077076163541611,1.2077076163541611,1.2077076163541611,1.2077076163541611,0.0,0.0,0.0,385.21250055600143
33,2020-09-11,385.55809600930706,324.20842240309656,451.1508520252992,385.55809600930706,385.55809600930706,1.9735357218167517,1.9735357218167517,1.9735357218167517,1.9735357218167517,1.9735357218167517,1.9735357218167517,0.0,0.0,0.0,387.5316317311238
34,2020-09-14,390.21800521828635,319.4135832793729,459.2360248725152,390.21800521828635,390.21800521828635,-0.04194868925979209,-0.04194868925979209,-0.04194868925979209,-0.04194868925979209,-0.04194868925979209,-0.04194868925979209,0.0,0.0,0.0,390.17605652902654
35,2020-09-15,391.7713082879461,330.17453283885436,456.35072801353584,391.7713082879461,391.7713082879461,3.0293161804258855,3.0293161804258855,3.0293161804258855,3.0293161804258855,3.0293161804258855,3.0293161804258855,0.0,0.0,0.0,394.800624468372
36,2020-09-16,393.3246113576059,326.09986925052704,458.8871418499423,393.3246113576059,393.3246113576059,1.2250462902111456,1.2250462902111456,1.2250462902111456,1.2250462902111456,1.2250462902111456,1.2250462902111456,0.0,0.0,0.0,394.549657647817
37,2020-09-17,394.87791442726564,332.3950179882751,457.4442901592423,394.87791442726564,394.87791442726564,1.2077076163542346,1.2077076163542346,1.2077076163542346,1.2077076163542346,1.2077076163542346,1.2077076163542346,0.0,0.0,0.0,396.0856220436199
38,2020-09-18,396.4312174969254,333.23378192403607,460.9216659631693,396.4312174969254,396.4312174969254,1.9735357218153817,1.9735357218153817,1.9735357218153817,1.9735357218153817,1.9735357218153817,1.9735357218153817,0.0,0.0,0.0,398.4047532187408
39,2020-09-21,401.0911267059047,332.95452679929997,468.54311082682443,401.0911267059047,401.0911267059047,-0.04194868925875316,-0.04194868925875316,-0.04194868925875316,-0.04194868925875316,-0.04194868925875316,-0.04194868925875316,0.0,0.0,0.0,401.04917801664595
40,2020-09-22,402.64442977556445,334.8358879302903,468.3888294618214,402.64442977556445,402.64442977556445,3.0293161804197033,3.0293161804197033,3.0293161804197033,3.0293161804197033,3.0293161804197033,3.0293161804197033,0.0,0.0,0.0,405.67374595598415
41,2020-09-23,404.1977328494105,343.65107206370277,471.1693067863763,404.1977328494105,404.1977328494105,1.2250462902113666,1.2250462902113666,1.2250462902113666,1.2250462902113666,1.2250462902113666,1.2250462902113666,0.0,0.0,0.0,405.42277913962187
42,2020-09-24,405.7510359232565,342.74149870218196,467.1082204824918,405.7510359232565,405.7510359232565,1.2077076163585074,1.2077076163585074,1.2077076163585074,1.2077076163585074,1.2077076163585074,1.2077076163585074,0.0,0.0,0.0,406.958743539615
43,2020-09-25,407.30433899710255,341.736191026082,476.38912802224513,407.30433899710255,407.30433899710255,1.9735357218248786,1.9735357218248786,1.9735357218248786,1.9735357218248786,1.9735357218248786,1.9735357218248786,0.0,0.0,0.0,409.2778747189274
44,2020-09-28,411.96424821864065,345.3158001271459,478.12526039266555,411.96424821864065,411.96424821864065,-0.041948689254229315,-0.041948689254229315,-0.041948689254229315,-0.041948689254229315,-0.041948689254229315,-0.041948689254229315,0.0,0.0,0.0,411.9222995293864
45,2020-09-29,413.51755129248664,352.7255552565105,479.32511955179444,413.5175512924866,413.5175512924866,3.029316180422849,3.029316180422849,3.029316180422849,3.029316180422849,3.029316180422849,3.029316180422849,0.0,0.0,0.0,416.54686747290947
46,2020-09-30,415.0708543663327,351.086515643544,481.05764517782046,415.0708543663327,415.0708543663327,1.2250462902066688,1.2250462902066688,1.2250462902066688,1.2250462902066688,1.2250462902066688,1.2250462902066688,0.0,0.0,0.0,416.29590065653935
47,2020-10-01,416.6241574401787,352.8365570545613,487.05797933860816,416.6241574401787,416.6241574401787,1.2077076163543812,1.2077076163543812,1.2077076163543812,1.2077076163543812,1.2077076163543812,1.2077076163543812,0.0,0.0,0.0,417.83186505653305
48,2020-10-02,418.17746051402474,357.61525568344143,485.6429658595256,418.17746051402474,418.17746051402474,1.9735357218208596,1.9735357218208596,1.9735357218208596,1.9735357218208596,1.9735357218208596,1.9735357218208596,0.0,0.0,0.0,420.1509962358456
49,2020-10-05,422.83736973746255,360.71295880952,489.17887931438503,422.83736973746255,422.83736973746255,-0.04194868924970528,-0.04194868924970528,-0.04194868924970528,-0.04194868924970528,-0.04194868924970528,-0.04194868924970528,0.0,0.0,0.0,422.79542104821286
50,2020-10-06,424.3906728119418,359.2597457268016,491.98052368961055,424.3906728119418,424.3906728119418,3.0293161804238458,3.0293161804238458,3.0293161804238458,3.0293161804238458,3.0293161804238458,3.0293161804238458,0.0,0.0,0.0,427.41998899236563
51,2020-10-07,425.9439758864211,364.1652892157954,491.6929387014477,425.9439758864211,425.9439758864211,1.22504629021181,1.22504629021181,1.22504629021181,1.22504629021181,1.22504629021181,1.22504629021181,0.0,0.0,0.0,427.1690221766329
52,2020-10-08,427.4972789609003,361.8249421348968,491.20052343217475,427.4972789609003,427.4972789609003,1.2077076163586538,1.2077076163586538,1.2077076163586538,1.2077076163586538,1.2077076163586538,1.2077076163586538,0.0,0.0,0.0,428.704986577259
53,2020-10-09,429.0505820353796,372.2093366458507,494.04232840427403,429.0505820353796,429.0505820353796,1.9735357218221383,1.9735357218221383,1.9735357218221383,1.9735357218221383,1.9735357218221383,1.9735357218221383,0.0,0.0,0.0,431.02411775720174
54,2020-10-12,433.71049125881734,370.1191265008592,499.3747966725183,433.71049125881734,433.71049125881734,-0.04194868924518134,-0.04194868924518134,-0.04194868924518134,-0.04194868924518134,-0.04194868924518134,-0.04194868924518134,0.0,0.0,0.0,433.66854256957214
55,2020-10-13,435.26379433329663,372.2579936362196,503.4544741710105,435.26379433329663,435.26379433329663,3.029316180426991,3.029316180426991,3.029316180426991,3.029316180426991,3.029316180426991,3.029316180426991,0.0,0.0,0.0,438.2931105137236
56,2020-10-14,436.81709740777586,373.3672493786288,502.46667836797064,436.81709740777586,436.81709740777586,1.2250462902120594,1.2250462902120594,1.2250462902120594,1.2250462902120594,1.2250462902120594,1.2250462902120594,0.0,0.0,0.0,438.0421436979879
57,2020-10-15,438.3704065779668,375.14601364272363,502.60152390936827,438.3704065779668,438.3704065779668,1.2077076163587266,1.2077076163587266,1.2077076163587266,1.2077076163587266,1.2077076163587266,1.2077076163587266,0.0,0.0,0.0,439.5781141943255
58,2020-10-16,439.92371574815775,375.2182336783814,508.09360398607043,439.92371574815775,439.92371574815775,1.9735357218181189,1.9735357218181189,1.9735357218181189,1.9735357218181189,1.9735357218181189,1.9735357218181189,0.0,0.0,0.0,441.89725146997586
59,2020-10-19,444.58364325873066,379.7820402053617,509.3361353091848,444.58364325873066,444.58364325873066,-0.041948689244142794,-0.041948689244142794,-0.041948689244142794,-0.041948689244142794,-0.041948689244142794,-0.041948689244142794,0.0,0.0,0.0,444.54169456948654
60,2020-10-20,446.13695242892163,383.89135818691284,516.0945153855125,446.13695242892163,446.13695242892163,3.029316180420809,3.029316180420809,3.029316180420809,3.029316180420809,3.029316180420809,3.029316180420809,0.0,0.0,0.0,449.16626860934247
61,2020-10-21,447.69026159911255,384.92410123322867,514.0059050264937,447.69026159911255,447.69026159911255,1.2250462902073624,1.2250462902073624,1.2250462902073624,1.2250462902073624,1.2250462902073624,1.2250462902073624,0.0,0.0,0.0,448.91530788931993
62,2020-10-22,449.2435707693035,388.83899783455394,519.936718788403,449.2435707693035,449.2435707693035,1.207707616353132,1.207707616353132,1.207707616353132,1.207707616353132,1.207707616353132,1.207707616353132,0.0,0.0,0.0,450.4512783856566
63,2020-10-23,450.7968799394945,384.3386786991225,511.8542001625856,450.7968799394945,450.7968799394945,1.9735357218167486,1.9735357218167486,1.9735357218167486,1.9735357218167486,1.9735357218167486,1.9735357218167486,0.0,0.0,0.0,452.77041566131123
64,2020-10-26,455.45680745006746,394.6825166680341,521.0049530026598,455.45680745006746,455.45680745006746,-0.04194868923613393,-0.04194868923613393,-0.04194868923613393,-0.04194868923613393,-0.04194868923613393,-0.04194868923613393,0.0,0.0,0.0,455.41485876083135
65,2020-10-27,457.9401675541987,396.5617144491071,528.7508640366281,457.9401675541987,457.9401675541987,3.029316180423954,3.029316180423954,3.029316180423954,3.029316180423954,3.029316180423954,3.029316180423954,0.0,0.0,0.0,460.96948373462266
66,2020-10-28,460.42352765833,399.8711783503465,525.415326658988,460.42352765833,460.42352765833,1.2250462902125023,1.2250462902125023,1.2250462902125023,1.2250462902125023,1.2250462902125023,1.2250462902125023,0.0,0.0,0.0,461.6485739485425
67,2020-10-29,462.9068877624612,394.5525101565794,528.9815520595366,462.9068877624612,462.9068877624612,1.2077076163532048,1.2077076163532048,1.2077076163532048,1.2077076163532048,1.2077076163532048,1.2077076163532048,0.0,0.0,0.0,464.11459537881444
68,2020-10-30,465.39024786659246,397.4118983000563,533.0395340271627,465.39024786659246,465.39024786659246,1.9735357218127296,1.9735357218127296,1.9735357218127296,1.9735357218127296,1.9735357218127296,1.9735357218127296,0.0,0.0,0.0,467.36378358840517
69,2020-11-02,472.8403281789862,402.98740149314966,535.9666740375897,472.8403281789862,472.8403281789862,-0.04194868925564069,-0.04194868925564069,-0.04194868925564069,-0.04194868925564069,-0.04194868925564069,-0.04194868925564069,0.0,0.0,0.0,472.79837948973056
70,2020-11-03,475.3236882831175,412.72512644172866,545.5319868796521,475.3236882831175,475.3236882831175,3.0293161804224362,3.0293161804224362,3.0293161804224362,3.0293161804224362,3.0293161804224362,3.0293161804224362,0.0,0.0,0.0,478.35300446353995
71,2020-11-04,477.8070483872487,413.45989057424725,546.04519538192,477.8070483872487,477.8070483872487,1.2250462902078054,1.2250462902078054,1.2250462902078054,1.2250462902078054,1.2250462902078054,1.2250462902078054,0.0,0.0,0.0,479.0320946774565
72,2020-11-05,480.29040849138005,411.32891711397025,543.5364485871468,480.29040849138005,480.29040849138005,1.2077076163574778,1.2077076163574778,1.2077076163574778,1.2077076163574778,1.2077076163574778,1.2077076163574778,0.0,0.0,0.0,481.49811610773753
73,2020-11-06,483.8667629508269,423.1893114853224,549.8945675255283,483.8667629508269,483.8667629508269,1.9735357218140084,1.9735357218140084,1.9735357218140084,1.9735357218140084,1.9735357218140084,1.9735357218140084,0.0,0.0,0.0,485.8402986726409
74,2020-11-09,494.5958263291677,434.8323277894841,558.1632390966793,494.5958263291677,494.5958263291677,-0.041948689251116555,-0.041948689251116555,-0.041948689251116555,-0.041948689251116555,-0.041948689251116555,-0.041948689251116555,0.0,0.0,0.0,494.5538776399166
75,2020-11-10,498.1721807886146,440.4654047273888,565.9573248867449,498.1721807886146,498.1721807886146,3.0293161804234323,3.0293161804234323,3.0293161804234323,3.0293161804234323,3.0293161804234323,3.0293161804234323,0.0,0.0,0.0,501.20149696903803
76,2020-11-11,501.7485352480616,438.01160924671024,568.7101639251626,501.7485352480616,501.7485352480616,1.2250462902080266,1.2250462902080266,1.2250462902080266,1.2250462902080266,1.2250462902080266,1.2250462902080266,0.0,0.0,0.0,502.9735815382696
77,2020-11-12,505.3248897075085,441.97897623714914,569.8580085237311,505.3248897075085,505.3248897075085,1.2077076163533513,1.2077076163533513,1.2077076163533513,1.2077076163533513,1.2077076163533513,1.2077076163533513,0.0,0.0,0.0,506.5325973238618
78,2020-11-13,508.90124416695545,445.92336800037356,574.0170961832998,508.90124416695545,508.90124416695545,1.973535721820857,1.973535721820857,1.973535721820857,1.973535721820857,1.973535721820857,1.973535721820857,0.0,0.0,0.0,510.8747798887763
79,2020-11-16,519.6303075452963,460.1156235228614,584.1495952541682,519.6303075452963,519.6303075452963,-0.04194868925007753,-0.04194868925007753,-0.04194868925007753,-0.04194868925007753,-0.04194868925007753,-0.04194868925007753,0.0,0.0,0.0,519.5883588560463
80,2020-11-17,523.2066620047432,460.68886361681984,595.4958635391816,523.2066620047432,523.2066620047432,3.029316180421915,3.029316180421915,3.029316180421915,3.029316180421915,3.029316180421915,3.029316180421915,0.0,0.0,0.0,526.2359781851651
81,2020-11-18,527.2817170705607,461.2968871928606,589.2457375016526,527.2817170705607,527.2817170705607,1.2250462902082766,1.2250462902082766,1.2250462902082766,1.2250462902082766,1.2250462902082766,1.2250462902082766,0.0,0.0,0.0,528.506763360769
82,2020-11-19,531.3567721363781,466.9193165372766,598.3790085563467,531.3567721363781,531.3567721363781,1.207707616357624,1.207707616357624,1.207707616357624,1.207707616357624,1.207707616357624,1.207707616357624,0.0,0.0,0.0,532.5644797527358
83,2020-11-20,535.4318272021957,470.06280318444544,603.6152544809999,535.4318272021957,535.4318272021957,1.9735357218194862,1.9735357218194862,1.9735357218194862,1.9735357218194862,1.9735357218194862,1.9735357218194862,0.0,0.0,0.0,537.4053629240152
84,2020-11-23,547.656992399648,484.69379683964996,614.2237152542847,547.656992399648,547.656992399648,-0.04194868924206886,-0.04194868924206886,-0.04194868924206886,-0.04194868924206886,-0.04194868924206886,-0.04194868924206886,0.0,0.0,0.0,547.6150437104059
85,2020-11-24,551.7320474654654,486.5633426967336,620.9040110104145,551.7320474654654,551.7320474654654,3.02931618042506,3.02931618042506,3.02931618042506,3.02931618042506,3.02931618042506,3.02931618042506,0.0,0.0,0.0,554.7613636458905
86,2020-11-25,555.8071025312829,492.5312786168929,622.6105919195223,555.8071025312829,555.8071025312829,1.2250462902134165,1.2250462902134165,1.2250462902134165,1.2250462902134165,1.2250462902134165,1.2250462902134165,0.0,0.0,0.0,557.0321488214963
87,2020-11-27,563.9572126629178,500.65902456799483,629.0782931048393,563.9572126629178,563.9572126629178,1.9735357218181158,1.9735357218181158,1.9735357218181158,1.9735357218181158,1.9735357218181158,1.9735357218181158,0.0,0.0,0.0,565.9307483847359
88,2020-11-30,576.18237786037,511.69983268503364,642.4729891357321,576.18237786037,576.18237786037,-0.04194868924103022,-0.04194868924103022,-0.04194868924103022,-0.04194868924103022,-0.04194868924103022,-0.04194868924103022,0.0,0.0,0.0,576.140429171129
89,2020-12-01,580.2574329477279,517.5556492712506,651.332436861746,580.2574329477279,580.2574329477279,3.029316180418878,3.029316180418878,3.029316180418878,3.029316180418878,3.029316180418878,3.029316180418878,0.0,0.0,0.0,583.2867491281468
90,2020-12-02,584.3324880350858,523.611699545658,652.3170964148661,584.3324880350858,584.3324880350858,1.2250462902087196,1.2250462902087196,1.2250462902087196,1.2250462902087196,1.2250462902087196,1.2250462902087196,0.0,0.0,0.0,585.5575343252946
91,2020-12-03,588.4075431224436,525.3527823907119,652.8129218913953,588.4075431224436,588.4075431224436,1.2077076163577705,1.2077076163577705,1.2077076163577705,1.2077076163577705,1.2077076163577705,1.2077076163577705,0.0,0.0,0.0,589.6152507388014
92,2020-12-04,592.4825982098014,530.7617432753692,660.2387307963545,592.4825982098014,592.4825982098014,1.9735357218276133,1.9735357218276133,1.9735357218276133,1.9735357218276133,1.9735357218276133,1.9735357218276133,0.0,0.0,0.0,594.456133931629
93,2020-12-07,604.7077634718751,539.9344433365644,666.3550642087732,604.7077634718751,604.7077634718751,-0.0419486892605367,-0.0419486892605367,-0.0419486892605367,-0.0419486892605367,-0.0419486892605367,-0.0419486892605367,0.0,0.0,0.0,604.6658147826146
94,2020-12-08,608.7828185592329,547.2577348529782,677.695134548569,608.7828185592329,608.7828185592329,3.029316180422023,3.029316180422023,3.029316180422023,3.029316180422023,3.029316180422023,3.029316180422023,0.0,0.0,0.0,611.8121347396549
95,2020-12-09,612.8578736465907,548.6211851552667,676.4304345965124,612.8578736465909,612.8578736465909,1.2250462902089407,1.2250462902089407,1.2250462902089407,1.2250462902089407,1.2250462902089407,1.2250462902089407,0.0,0.0,0.0,614.0829199367997
96,2020-12-10,616.9329287339486,553.4928939125753,682.038506971234,616.9329287339488,616.9329287339488,1.2077076163563754,1.2077076163563754,1.2077076163563754,1.2077076163563754,1.2077076163563754,1.2077076163563754,0.0,0.0,0.0,618.140636350305
97,2020-12-11,621.00798379657,562.1626569082719,689.8213075408021,621.00798379657,621.00798379657,1.9735357218235943,1.9735357218235943,1.9735357218235943,1.9735357218235943,1.9735357218235943,1.9735357218235943,0.0,0.0,0.0,622.9815195183936
98,2020-12-14,633.2331489844338,568.2671309648482,696.5392315255726,633.2331489844338,633.2331489844338,-0.041948689252528024,-0.041948689252528024,-0.041948689252528024,-0.041948689252528024,-0.041948689252528024,-0.041948689252528024,0.0,0.0,0.0,633.1912002951813
99,2020-12-15,637.3082040470551,577.3958329697707,701.2415619390796,637.3082040470551,637.3082040470551,3.0293161804230198,3.0293161804230198,3.0293161804230198,3.0293161804230198,3.0293161804230198,3.0293161804230198,0.0,0.0,0.0,640.3375202274782
100,2020-12-16,641.3832591096764,574.8000171109408,705.1981538914443,641.3832591096764,641.3832591096764,1.225046290209162,1.225046290209162,1.225046290209162,1.225046290209162,1.225046290209162,1.225046290209162,0.0,0.0,0.0,642.6083053998856
101,2020-12-17,645.4583141722976,581.7037352576926,712.0485862144834,645.4583141722976,645.4583141722976,1.2077076163564486,1.2077076163564486,1.2077076163564486,1.2077076163564486,1.2077076163564486,1.2077076163564486,0.0,0.0,0.0,646.666021788654
102,2020-12-18,649.533369234919,589.4946900281384,714.8122522912879,649.533369234919,649.533369234919,1.9735357218248728,1.9735357218248728,1.9735357218248728,1.9735357218248728,1.9735357218248728,1.9735357218248728,0.0,0.0,0.0,651.5069049567438
103,2020-12-21,661.7585344227829,593.9755466805132,730.664691437232,661.7585344227829,661.7585344227829,-0.04194868925148901,-0.04194868925148901,-0.04194868925148901,-0.04194868925148901,-0.04194868925148901,-0.04194868925148901,0.0,0.0,0.0,661.7165857335314
104,2020-12-22,665.833589485404,602.7074252197837,732.2913335666045,665.833589485404,665.833589485404,3.0293161804261657,3.0293161804261657,3.0293161804261657,3.0293161804261657,3.0293161804261657,3.0293161804261657,0.0,0.0,0.0,668.8629056658301
105,2020-12-23,669.9086445480254,604.57870913535,734.067993900074,669.9086445480254,669.9086445480254,1.2250462902093835,1.2250462902093835,1.2250462902093835,1.2250462902093835,1.2250462902093835,1.2250462902093835,0.0,0.0,0.0,671.1336908382349
106,2020-12-24,673.983699583314,608.6942192707887,741.9782280684653,673.983699583314,673.983699583314,1.2077076163607212,1.2077076163607212,1.2077076163607212,1.2077076163607212,1.2077076163607212,1.2077076163607212,0.0,0.0,0.0,675.1914071996747
107,2020-12-28,690.2839197244683,624.181968099849,753.0032429500116,690.2839197244683,690.2839197244683,-0.041948689246965445,-0.041948689246965445,-0.041948689246965445,-0.041948689246965445,-0.041948689246965445,-0.041948689246965445,0.0,0.0,0.0,690.2419710352214
108,2020-12-29,694.358974759757,634.8060413143922,759.0497615167533,694.358974759757,694.358974759757,3.0293161804199835,3.0293161804199835,3.0293161804199835,3.0293161804199835,3.0293161804199835,3.0293161804199835,0.0,0.0,0.0,697.388290940177
109,2020-12-30,698.4340297950457,638.1356756161521,768.181921788892,698.4340297950457,698.4340297950457,1.2250462902046857,1.2250462902046857,1.2250462902046857,1.2250462902046857,1.2250462902046857,1.2250462902046857,0.0,0.0,0.0,699.6590760852504
110,2020-12-31,702.5090848303342,642.8095232589196,768.9776761949076,702.5090848303342,702.5090848303342,1.2077076163509266,1.2077076163509266,1.2077076163509266,1.2077076163509266,1.2077076163509266,1.2077076163509266,0.0,0.0,0.0,703.7167924466852
111,2021-01-04,718.8093049714887,653.3583820755797,783.676844956987,718.8093049714887,718.8093049714887,-0.041948689242441405,-0.041948689242441405,-0.041948689242441405,-0.041948689242441405,-0.041948689242441405,-0.041948689242441405,0.0,0.0,0.0,718.7673562822463
112,2021-01-05,722.8843600067772,662.4861664917233,788.8797366253667,722.8843600067773,722.8843600067773,3.029316180423129,3.029316180423129,3.029316180423129,3.029316180423129,3.029316180423129,3.029316180423129,0.0,0.0,0.0,725.9136761872004
113,2021-01-06,726.9594150420659,659.0960452167847,791.7515799450084,726.9594150420659,726.9594150420659,1.2250462902147736,1.2250462902147736,1.2250462902147736,1.2250462902147736,1.2250462902147736,1.2250462902147736,0.0,0.0,0.0,728.1844613322806
114,2021-01-07,730.1071271142632,664.4445912768771,793.5333921738339,730.1071271142632,730.1071271142632,1.2077076163551994,1.2077076163551994,1.2077076163551994,1.2077076163551994,1.2077076163551994,1.2077076163551994,0.0,0.0,0.0,731.3148347306184
115,2021-01-08,733.2548391864605,671.1958086395015,802.445394866675,733.2548391864605,733.2548391864605,1.973535721815464,1.973535721815464,1.973535721815464,1.973535721815464,1.973535721815464,1.973535721815464,0.0,0.0,0.0,735.2283749082759
116,2021-01-11,742.6979754030525,674.7420777751054,804.7127122197573,742.6979754030526,742.6979754030526,-0.041948689258463345,-0.041948689258463345,-0.041948689258463345,-0.041948689258463345,-0.041948689258463345,-0.041948689258463345,0.0,0.0,0.0,742.6560267137941
117,2021-01-12,745.8456874752501,682.3621490031472,809.1876166018538,745.8456874752501,745.8456874752501,3.0293161804262745,3.0293161804262745,3.0293161804262745,3.0293161804262745,3.0293161804262745,3.0293161804262745,0.0,0.0,0.0,748.8750036556763
118,2021-01-13,748.9933995474473,686.7690612370294,823.4374834413491,748.9933995474473,748.9933995474473,1.2250462902100763,1.2250462902100763,1.2250462902100763,1.2250462902100763,1.2250462902100763,1.2250462902100763,0.0,0.0,0.0,750.2184458376574
119,2021-01-14,752.1411116196447,689.0797408172,820.7566691702949,752.1411116196447,752.1411116196447,1.2077076163552725,1.2077076163552725,1.2077076163552725,1.2077076163552725,1.2077076163552725,1.2077076163552725,0.0,0.0,0.0,753.3488192359999
120,2021-01-15,755.2888236918421,685.3363052062707,820.5231032068043,755.2888236918421,755.2888236918421,1.9735357218140939,1.9735357218140939,1.9735357218140939,1.9735357218140939,1.9735357218140939,1.9735357218140939,0.0,0.0,0.0,757.2623594136562
121,2021-01-19,767.8796719806314,705.9083296603901,837.9068112132612,767.8796719806314,767.8796719806314,3.029316180420092,3.029316180420092,3.029316180420092,3.029316180420092,3.029316180420092,3.029316180420092,0.0,0.0,0.0,770.9089881610515
122,2021-01-20,768.8453846488733,701.99405297288,833.4370298782419,768.8453846488733,768.8453846488733,1.2250462902102979,1.2250462902102979,1.2250462902102979,1.2250462902102979,1.2250462902102979,1.2250462902102979,0.0,0.0,0.0,770.0704309390836
123,2021-01-21,769.811097317115,706.0807878159982,832.9978402307796,769.811097317115,769.811097317115,1.207707616355346,1.207707616355346,1.207707616355346,1.207707616355346,1.207707616355346,1.207707616355346,0.0,0.0,0.0,771.0188049334704
124,2021-01-22,770.7768099853569,713.7042322078153,836.6172794096407,770.7768099853569,770.7768099853569,1.9735357218235914,1.9735357218235914,1.9735357218235914,1.9735357218235914,1.9735357218235914,1.9735357218235914,0.0,0.0,0.0,772.7503457071805
125,2021-01-25,773.6739479900822,712.0070186946862,837.1187089682121,773.6739479900822,773.6739479900822,-0.041948689252900094,-0.041948689252900094,-0.041948689252900094,-0.041948689252900094,-0.041948689252900094,-0.041948689252900094,0.0,0.0,0.0,773.6319993008293
126,2021-01-26,774.639660658324,713.7426505739653,844.7203731664545,774.639660658324,774.639660658324,3.029316180423238,3.029316180423238,3.029316180423238,3.029316180423238,3.029316180423238,3.029316180423238,0.0,0.0,0.0,777.6689768387473
127,2021-01-27,775.6053733265658,708.5155923216882,844.3359894280293,775.6053733265658,775.6053733265658,1.225046290210548,1.225046290210548,1.225046290210548,1.225046290210548,1.225046290210548,1.225046290210548,0.0,0.0,0.0,776.8304196167763
128,2021-01-28,776.5710859948076,709.3302657521558,839.5542804295955,776.5710859948076,776.5710859948076,1.2077076163554188,1.2077076163554188,1.2077076163554188,1.2077076163554188,1.2077076163554188,1.2077076163554188,0.0,0.0,0.0,777.778793611163
129,2021-01-29,777.5367986630494,716.2643212281107,842.4338463087223,777.5367986630494,777.5367986630494,1.9735357218195724,1.9735357218195724,1.9735357218195724,1.9735357218195724,1.9735357218195724,1.9735357218195724,0.0,0.0,0.0,779.5103343848689
130,2021-02-01,774.5299297924134,709.3389920534652,836.5653962984359,774.5299297924134,774.5299297924134,-0.041948689248376726,-0.041948689248376726,-0.041948689248376726,-0.041948689248376726,-0.041948689248376726,-0.041948689248376726,0.0,0.0,0.0,774.4879811031651
131,2021-02-02,773.5276401688682,713.583261817503,842.7622412541331,773.5276401688682,773.5276401688682,3.029316180424234,3.029316180424234,3.029316180424234,3.029316180424234,3.029316180424234,3.029316180424234,0.0,0.0,0.0,776.5569563492924
132,2021-02-03,772.5253505453228,706.5799234819286,836.4623910653685,772.5253505453228,772.5253505453228,1.2250462902156884,1.2250462902156884,1.2250462902156884,1.2250462902156884,1.2250462902156884,1.2250462902156884,0.0,0.0,0.0,773.7503968355385
133,2021-02-04,771.5230609217775,708.1194476714535,837.1519101357346,771.5230609217775,771.5230609217775,1.207707616359692,1.207707616359692,1.207707616359692,1.207707616359692,1.207707616359692,1.207707616359692,0.0,0.0,0.0,772.7307685381372
134,2021-02-05,770.5207712982321,710.645605981028,836.5651012601447,770.5207712982321,770.5207712982321,1.9735357218208507,1.9735357218208507,1.9735357218208507,1.9735357218208507,1.9735357218208507,1.9735357218208507,0.0,0.0,0.0,772.494307020053
135,2021-02-08,767.5139024275962,702.3717692713165,832.4294074785226,767.5139024275962,767.5139024275962,-0.04194868924385278,-0.04194868924385278,-0.04194868924385278,-0.04194868924385278,-0.04194868924385278,-0.04194868924385278,0.0,0.0,0.0,767.4719537383523
136,2021-02-09,766.511612804051,704.8613395055986,835.2879451730862,766.511612804051,766.511612804051,3.029316180422716,3.029316180422716,3.029316180422716,3.029316180422716,3.029316180422716,3.029316180422716,0.0,0.0,0.0,769.5409289844737
137,2021-02-10,765.5093231805056,703.5622867095516,830.5847563556231,765.5093231805056,765.5093231805056,1.2250462902109907,1.2250462902109907,1.2250462902109907,1.2250462902109907,1.2250462902109907,1.2250462902109907,0.0,0.0,0.0,766.7343694707166
138,2021-02-11,764.129039882553,702.558808902012,825.7801344842555,764.129039882553,764.129039882553,1.2077076163555656,1.2077076163555656,1.2077076163555656,1.2077076163555656,1.2077076163555656,1.2077076163555656,0.0,0.0,0.0,765.3367474989086
139,2021-02-12,762.7487565846004,701.8107222666007,832.7525658890506,762.7487565846004,762.7487565846004,1.9735357218168312,1.9735357218168312,1.9735357218168312,1.9735357218168312,1.9735357218168312,1.9735357218168312,0.0,0.0,0.0,764.7222923064172
140,2021-02-16,757.2276233927898,696.4871842988183,823.1968209819787,757.2276233927898,757.2276233927898,3.0293161804211977,3.0293161804211977,3.0293161804211977,3.0293161804211977,3.0293161804211977,3.0293161804211977,0.0,0.0,0.0,760.2569395732111
141,2021-02-17,755.8473400948373,690.8791624935952,820.3818578592061,755.8473400948373,755.8473400948373,1.2250462902062933,1.2250462902062933,1.2250462902062933,1.2250462902062933,1.2250462902062933,1.2250462902062933,0.0,0.0,0.0,757.0723863850435
142,2021-02-18,754.4670567968845,689.1515651316564,820.5362605699495,754.4670567968845,754.4670567968845,1.20770761635417,1.20770761635417,1.20770761635417,1.20770761635417,1.20770761635417,1.20770761635417,0.0,0.0,0.0,755.6747644132387
143,2021-02-19,753.0867734989321,691.4426798058831,819.2594905501721,753.0867734989321,753.0867734989321,1.9735357218154614,1.9735357218154614,1.9735357218154614,1.9735357218154614,1.9735357218154614,1.9735357218154614,0.0,0.0,0.0,755.0603092207475
144,2021-02-22,748.9459236050742,687.6746838534427,814.8096386144894,748.9459236050742,748.9459236050742,-0.04194868923480509,-0.04194868923480509,-0.04194868923480509,-0.04194868923480509,-0.04194868923480509,-0.04194868923480509,0.0,0.0,0.0,748.9039749158394
145,2021-02-23,747.5656403071215,687.6964743335876,818.1829631488198,747.5656403071215,747.5656403071215,3.0293161804268585,3.0293161804268585,3.0293161804268585,3.0293161804268585,3.0293161804268585,3.0293161804268585,0.0,0.0,0.0,750.5949564875483
146,2021-02-24,746.1853570134406,681.8526878282781,809.6759403793342,746.1853570134406,746.1853570134406,1.2250462902114332,1.2250462902114332,1.2250462902114332,1.2250462902114332,1.2250462902114332,1.2250462902114332,0.0,0.0,0.0,747.4104033036521
147,2021-02-25,744.8050737197597,681.0914699730122,807.625125317363,744.8050737197597,744.8050737197597,1.2077076163542435,1.2077076163542435,1.2077076163542435,1.2077076163542435,1.2077076163542435,1.2077076163542435,0.0,0.0,0.0,746.0127813361139
148,2021-02-26,743.4247904260787,681.6312442919634,809.2276281237108,743.4247904260787,743.4247904260787,1.973535721814091,1.973535721814091,1.973535721814091,1.973535721814091,1.973535721814091,1.973535721814091,0.0,0.0,0.0,745.3983261478928
149,2021-03-01,739.2839405450362,672.3610741129645,804.9740009463092,739.2839405450361,739.2839405450361,-0.04194868925431156,-0.04194868925431156,-0.04194868925431156,-0.04194868925431156,-0.04194868925431156,-0.04194868925431156,0.0,0.0,0.0,739.2419918557819
150,2021-03-02,737.9036572513553,672.5726209609821,805.0060303441239,737.9036572513553,737.9036572513553,3.0293161804253397,3.0293161804253397,3.0293161804253397,3.0293161804253397,3.0293161804253397,3.0293161804253397,0.0,0.0,0.0,740.9329734317806
151,2021-03-03,736.5233739576745,667.9377993875129,801.4110310191569,736.5233739576745,736.5233739576745,1.2250462902067354,1.2250462902067354,1.2250462902067354,1.2250462902067354,1.2250462902067354,1.2250462902067354,0.0,0.0,0.0,737.7484202478812
152,2021-03-04,735.1430906639937,667.2285291675163,799.8524856664574,735.1430906639937,735.1430906639937,1.2077076163585159,1.2077076163585159,1.2077076163585159,1.2077076163585159,1.2077076163585159,1.2077076163585159,0.0,0.0,0.0,736.3507982803523
153,2021-03-05,733.7628073703127,670.7833037046099,802.3727625251558,733.7628073703127,733.7628073703127,1.9735357218235885,1.9735357218235885,1.9735357218235885,1.9735357218235885,1.9735357218235885,1.9735357218235885,0.0,0.0,0.0,735.7363430921363
154,2021-03-08,729.6219646003505,664.893413179656,792.942784616144,729.6219646003505,729.6219646003505,-0.0419486892497881,-0.0419486892497881,-0.0419486892497881,-0.0419486892497881,-0.0419486892497881,-0.0419486892497881,0.0,0.0,0.0,729.5800159111006
155,2021-03-09,728.2416836770298,666.5764958016866,799.7176785560532,728.2416836770298,728.2416836770298,3.029316180423822,3.029316180423822,3.029316180423822,3.029316180423822,3.029316180423822,3.029316180423822,0.0,0.0,0.0,731.2709998574536
156,2021-03-10,726.8614027537091,659.4121399844537,791.4857306696651,726.8614027537091,726.8614027537091,1.2250462902069572,1.2250462902069572,1.2250462902069572,1.2250462902069572,1.2250462902069572,1.2250462902069572,0.0,0.0,0.0,728.086449043916
157,2021-03-11,725.4811218303882,660.3219170562583,789.6158283486632,725.4811218303882,725.4811218303882,1.2077076163543892,1.2077076163543892,1.2077076163543892,1.2077076163543892,1.2077076163543892,1.2077076163543892,0.0,0.0,0.0,726.6888294467426
158,2021-03-12,724.1008409070677,668.973415970213,793.7573151401083,724.1008409070677,724.1008409070677,1.9735357218195697,1.9735357218195697,1.9735357218195697,1.9735357218195697,1.9735357218195697,1.9735357218195697,0.0,0.0,0.0,726.0743766288872
159,2021-03-15,719.9599981371055,655.9388853239461,782.5412035050106,719.9599981371055,719.9599981371055,-0.041948689245264154,-0.041948689245264154,-0.041948689245264154,-0.041948689245264154,-0.041948689245264154,-0.041948689245264154,0.0,0.0,0.0,719.9180494478602
160,2021-03-16,718.5797172137846,655.8575961016109,791.1886838001053,718.5797172137846,718.5797172137846,3.0293161804223034,3.0293161804223034,3.0293161804223034,3.0293161804223034,3.0293161804223034,3.0293161804223034,0.0,0.0,0.0,721.6090333942069
161,2021-03-17,717.1994362904641,651.3247526323701,781.321318754371,717.1994362904641,717.1994362904641,1.2250462902121262,1.2250462902121262,1.2250462902121262,1.2250462902121262,1.2250462902121262,1.2250462902121262,0.0,0.0,0.0,718.4244825806762
162,2021-03-18,715.8220329385324,654.0643107374894,785.0881918123623,715.8220329385324,715.8220329385324,1.2077076163586622,1.2077076163586622,1.2077076163586622,1.2077076163586622,1.2077076163586622,1.2077076163586622,0.0,0.0,0.0,717.0297405548911
163,2021-03-19,714.4446295866007,647.7822987471656,784.8597098236255,714.4446295866007,714.4446295866007,1.9735357218181993,1.9735357218181993,1.9735357218181993,1.9735357218181993,1.9735357218181993,1.9735357218181993,0.0,0.0,0.0,716.4181653084189
164,2021-03-22,710.3124195308058,640.453623125605,775.5982160386379,710.3124195308058,710.3124195308058,-0.041948689261286,-0.041948689261286,-0.041948689261286,-0.041948689261286,-0.041948689261286,-0.041948689261286,0.0,0.0,0.0,710.2704708415445
165,2021-03-23,708.9350161788742,647.2554169543645,779.2434922164689,708.9350161788742,708.9350161788742,3.0293161804254485,3.0293161804254485,3.0293161804254485,3.0293161804254485,3.0293161804254485,3.0293161804254485,0.0,0.0,0.0,711.9643323592996
166,2021-03-24,707.5576128269425,642.0820203392256,773.6702135681014,707.5576128269425,707.5576128269425,1.2250462902123473,1.2250462902123473,1.2250462902123473,1.2250462902123473,1.2250462902123473,1.2250462902123473,0.0,0.0,0.0,708.7826591171549
167,2021-03-25,706.1802094750108,641.5681574902497,777.3985551065182,706.1802094750108,706.1802094750108,1.2077076163629352,1.2077076163629352,1.2077076163629352,1.2077076163629352,1.2077076163629352,1.2077076163629352,0.0,0.0,0.0,707.3879170913737
168,2021-03-26,704.8028061230791,637.1954107620447,770.9498298507754,704.8028061230791,704.8028061230791,1.9735357218168286,1.9735357218168286,1.9735357218168286,1.9735357218168286,1.9735357218168286,1.9735357218168286,0.0,0.0,0.0,706.7763418448959
169,2021-03-29,700.6705960672844,633.6636566389353,764.4393152358103,700.6705960672844,700.6705960672844,-0.04194868926024678,-0.04194868926024678,-0.04194868926024678,-0.04194868926024678,-0.04194868926024678,-0.04194868926024678,0.0,0.0,0.0,700.6286473780241
170,2021-03-30,699.3084173641952,635.1938267066148,766.1710926529458,699.3084173641951,699.3084173641951,3.0293161804192663,3.0293161804192663,3.0293161804192663,3.0293161804192663,3.0293161804192663,3.0293161804192663,0.0,0.0,0.0,702.3377335446145
171,2021-03-31,697.9462386611061,638.0782604962786,764.0915199699499,697.9462386611061,697.9462386611061,1.2250462902076502,1.2250462902076502,1.2250462902076502,1.2250462902076502,1.2250462902076502,1.2250462902076502,0.0,0.0,0.0,699.1712849513137
172,2021-04-01,696.5840599580171,633.0286429417564,765.4552178406001,696.5840599580171,696.5840599580171,1.2077076163588087,1.2077076163588087,1.2077076163588087,1.2077076163588087,1.2077076163588087,1.2077076163588087,0.0,0.0,0.0,697.7917675743759
173,2021-04-05,691.1353451456608,626.2122213718683,756.4322823451865,691.1353451456608,691.1353451456608,-0.0419486892522384,-0.0419486892522384,-0.0419486892522384,-0.0419486892522384,-0.0419486892522384,-0.0419486892522384,0.0,0.0,0.0,691.0933964564086
174,2021-04-06,689.7731664425719,631.2142257050518,756.3251790890558,689.7731664425719,689.7731664425719,3.029316180422412,3.029316180422412,3.029316180422412,3.029316180422412,3.029316180422412,3.029316180422412,0.0,0.0,0.0,692.8024826229943
175,2021-04-07,688.4109877394827,621.8598737110466,746.9727409060229,688.4109877394827,688.4109877394827,1.2250462902078718,1.2250462902078718,1.2250462902078718,1.2250462902078718,1.2250462902078718,1.2250462902078718,0.0,0.0,0.0,689.6360340296906
176,2021-04-08,687.0488090363938,614.6341681915976,751.80274267076,687.0488090363938,687.0488090363938,1.2077076163574134,1.2077076163574134,1.2077076163574134,1.2077076163574134,1.2077076163574134,1.2077076163574134,0.0,0.0,0.0,688.2565166527512
177,2021-04-09,685.6866303333047,621.5368059457584,753.3669651626958,685.6866303333047,685.6866303333047,1.9735357218223069,1.9735357218223069,1.9735357218223069,1.9735357218223069,1.9735357218223069,1.9735357218223069,0.0,0.0,0.0,687.660166055127
178,2021-04-12,681.6001550527656,618.1506533074247,743.6217692889419,681.6001550527656,681.6001550527656,-0.04194868925119938,-0.04194868925119938,-0.04194868925119938,-0.04194868925119938,-0.04194868925119938,-0.04194868925119938,0.0,0.0,0.0,681.5582063635144
179,2021-04-13,680.2379966259191,621.6064459071168,751.617349722428,680.2379966259191,680.2379966259191,3.0293161804234088,3.0293161804234088,3.0293161804234088,3.0293161804234088,3.0293161804234088,3.0293161804234088,0.0,0.0,0.0,683.2673128063425
180,2021-04-14,678.8758381990727,619.8788108424706,749.7056289201106,678.8758381990727,678.8758381990727,1.225046290208093,1.225046290208093,1.225046290208093,1.225046290208093,1.225046290208093,1.225046290208093,0.0,0.0,0.0,680.1008844892808
181,2021-04-15,677.5136797722263,620.8601319623956,750.4358992375838,677.5136797722263,677.5136797722263,1.2077076163574865,1.2077076163574865,1.2077076163574865,1.2077076163574865,1.2077076163574865,1.2077076163574865,0.0,0.0,0.0,678.7213873885838
182,2021-04-16,676.1515213453798,612.9034184602216,744.1194738828012,676.1515213453798,676.1515213453798,1.9735357218235856,1.9735357218235856,1.9735357218235856,1.9735357218235856,1.9735357218235856,1.9735357218235856,0.0,0.0,0.0,678.1250570672034
183,2021-04-19,672.0650460648407,600.6300933301296,736.8054853677229,672.0650460648407,672.0650460648407,-0.04194868925016026,-0.04194868925016026,-0.04194868925016026,-0.04194868925016026,-0.04194868925016026,-0.04194868925016026,0.0,0.0,0.0,672.0230973755905
184,2021-04-20,670.7028876379942,608.6695602204212,742.9708616565897,670.7028876379942,670.7028876379942,3.0293161804218904,3.0293161804218904,3.0293161804218904,3.0293161804218904,3.0293161804218904,3.0293161804218904,0.0,0.0,0.0,673.7322038184161
185,2021-04-21,669.3407292111477,605.9060291753409,735.1824384311967,669.3407292111477,669.3407292111477,1.2250462902083141,1.2250462902083141,1.2250462902083141,1.2250462902083141,1.2250462902083141,1.2250462902083141,0.0,0.0,0.0,670.565775501356
186,2021-04-22,667.978573401669,601.9772875900279,735.8290630257677,667.978573401669,667.978573401669,1.20770761635756,1.20770761635756,1.20770761635756,1.20770761635756,1.20770761635756,1.20770761635756,0.0,0.0,0.0,669.1862810180265
187,2021-04-23,666.6164175921904,602.7873913076492,733.8904806841992,666.6164175921904,666.6164175921904,1.9735357218195662,1.9735357218195662,1.9735357218195662,1.9735357218195662,1.9735357218195662,1.9735357218195662,0.0,0.0,0.0,668.5899533140099
188,2021-04-26,662.5299501637544,598.4916912481083,729.0605105864516,662.5299501637544,662.5299501637544,-0.04194868924563641,-0.04194868924563641,-0.04194868924563641,-0.04194868924563641,-0.04194868924563641,-0.04194868924563641,0.0,0.0,0.0,662.4880014745088
189,2021-04-27,661.1677943542759,597.9234901738631,729.3295531654666,661.1677943542759,661.1677943542759,3.0293161804203725,3.0293161804203725,3.0293161804203725,3.0293161804203725,3.0293161804203725,3.0293161804203725,0.0,0.0,0.0,664.1971105346962
190,2021-04-28,659.8056385447973,594.7096760089842,722.0153179763009,659.8056385447974,659.8056385447974,1.2250462902036168,1.2250462902036168,1.2250462902036168,1.2250462902036168,1.2250462902036168,1.2250462902036168,0.0,0.0,0.0,661.0306848350009
191,2021-04-29,658.4434827353185,595.9331675844372,724.6931556469203,658.4434827353185,658.4434827353185,1.2077076163519649,1.2077076163519649,1.2077076163519649,1.2077076163519649,1.2077076163519649,1.2077076163519649,0.0,0.0,0.0,659.6511903516705
192,2021-04-30,657.0813269258399,592.7000888021889,725.9403573011551,657.0813269258399,657.0813269258399,1.9735357218155467,1.9735357218155467,1.9735357218155467,1.9735357218155467,1.9735357218155467,1.9735357218155467,0.0,0.0,0.0,659.0548626476555
193,2021-05-03,652.9948594974041,588.1217046963303,718.4367148221093,652.9948594974041,652.9948594974041,-0.04194868924111285,-0.04194868924111285,-0.04194868924111285,-0.04194868924111285,-0.04194868924111285,-0.04194868924111285,0.0,0.0,0.0,652.952910808163
194,2021-05-04,651.9625428265167,591.0246353204197,717.9719034208721,651.9625428265167,651.9625428265167,3.0293161804235176,3.0293161804235176,3.0293161804235176,3.0293161804235176,3.0293161804235176,3.0293161804235176,0.0,0.0,0.0,654.9918590069402
195,2021-05-05,650.9302261556292,586.189776985079,714.0923963218365,650.9302261556292,650.9302261556292,1.2250462902137047,1.2250462902137047,1.2250462902137047,1.2250462902137047,1.2250462902137047,1.2250462902137047,0.0,0.0,0.0,652.1552724458429
196,2021-05-06,649.8979094847416,581.8028384543333,716.5246994803047,649.8979094847416,649.8979094847416,1.207707616356238,1.207707616356238,1.207707616356238,1.207707616356238,1.207707616356238,1.207707616356238,0.0,0.0,0.0,651.1056171010979
197,2021-05-07,648.8655928138542,585.9474431924968,714.2295196272412,648.8655928138542,648.8655928138542,1.973535721816826,1.973535721816826,1.973535721816826,1.973535721816826,1.973535721816826,1.973535721816826,0.0,0.0,0.0,650.839128535671
198,2021-05-10,645.7686428011917,582.6925522329699,709.3360071972303,645.7686428011918,645.7686428011918,-0.04194868925713412,-0.04194868925713412,-0.04194868925713412,-0.04194868925713412,-0.04194868925713412,-0.04194868925713412,0.0,0.0,0.0,645.7266941119346
199,2021-05-11,644.7363261303043,583.4027321237622,713.2095892774264,644.7363261303043,644.7363261303043,3.0293161804266626,3.0293161804266626,3.0293161804266626,3.0293161804266626,3.0293161804266626,3.0293161804266626,0.0,0.0,0.0,647.765642310731
200,2021-05-12,643.7040094594167,580.5274205101699,704.6551698565911,643.7040094594167,643.7040094594167,1.225046290209007,1.225046290209007,1.225046290209007,1.225046290209007,1.225046290209007,1.225046290209007,0.0,0.0,0.0,644.9290557496257
201,2021-05-13,642.6716927885293,576.5757865663112,705.6618818518434,642.6716927885293,642.6716927885293,1.2077076163563107,1.2077076163563107,1.2077076163563107,1.2077076163563107,1.2077076163563107,1.2077076163563107,0.0,0.0,0.0,643.8794004048856
202,2021-05-14,642.4802441214567,576.141965303414,709.5284641490756,642.4802441214567,642.4802441214567,1.973535721812807,1.973535721812807,1.973535721812807,1.973535721812807,1.973535721812807,1.973535721812807,0.0,0.0,0.0,644.4537798432696
203,2021-05-17,641.9058981202389,577.3863748340093,707.7475382241223,641.9058981202389,641.9058981202389,-0.041948689256095475,-0.041948689256095475,-0.041948689256095475,-0.041948689256095475,-0.041948689256095475,-0.041948689256095475,0.0,0.0,0.0,641.8639494309829
204,2021-05-18,641.7144494531664,578.7276031584381,712.8296841734848,641.7144494531664,641.7144494531664,3.0293161804204805,3.0293161804204805,3.0293161804204805,3.0293161804204805,3.0293161804204805,3.0293161804204805,0.0,0.0,0.0,644.7437656335868
205,2021-05-19,641.5230007860937,578.9504882394116,710.9000647773422,641.5230007860937,641.5230007860937,1.2250462902092283,1.2250462902092283,1.2250462902092283,1.2250462902092283,1.2250462902092283,1.2250462902092283,0.0,0.0,0.0,642.7480470763029
206,2021-05-20,641.3315521190211,581.0880241455922,707.248666559796,641.3315521190211,641.3315521190211,1.2077076163563838,1.2077076163563838,1.2077076163563838,1.2077076163563838,1.2077076163563838,1.2077076163563838,0.0,0.0,0.0,642.5392597353775
207,2021-05-21,641.1401034519484,577.5668117091907,709.9216202662336,641.1401034519484,641.1401034519484,1.9735357218223042,1.9735357218223042,1.9735357218223042,1.9735357218223042,1.9735357218223042,1.9735357218223042,0.0,0.0,0.0,643.1136391737707
208,2021-05-24,640.5657574507308,572.7984596171902,706.5074205924218,640.5657574507308,640.5657574507308,-0.0419486892480869,-0.0419486892480869,-0.0419486892480869,-0.0419486892480869,-0.0419486892480869,-0.0419486892480869,0.0,0.0,0.0,640.5238087614827
209,2021-05-25,640.3743087836582,575.0977545692529,707.495663303784,640.3743087836582,640.3743087836582,3.0293161804236264,3.0293161804236264,3.0293161804236264,3.0293161804236264,3.0293161804236264,3.0293161804236264,0.0,0.0,0.0,643.4036249640818
210,2021-05-26,640.1828601165855,577.315283911503,703.9244842932092,640.1828601165855,640.1828601165855,1.2250462902143977,1.2250462902143977,1.2250462902143977,1.2250462902143977,1.2250462902143977,1.2250462902143977,0.0,0.0,0.0,641.4079064068
211,2021-05-27,639.991411449513,574.4612526364525,706.7931099815945,639.991411449513,639.991411449513,1.207707616356457,1.207707616356457,1.207707616356457,1.207707616356457,1.207707616356457,1.207707616356457,0.0,0.0,0.0,641.1991190658694
212,2021-05-28,639.7999627824404,576.586897145056,703.6138023570973,639.7999627824404,639.7999627824404,1.9735357218182852,1.9735357218182852,1.9735357218182852,1.9735357218182852,1.9735357218182852,1.9735357218182852,0.0,0.0,0.0,641.7734985042587
213,2021-06-01,639.03416811415,574.6849917407649,706.5732921988697,639.03416811415,639.03416811415,3.029316180424623,3.029316180424623,3.029316180424623,3.029316180424623,3.029316180424623,3.029316180424623,0.0,0.0,0.0,642.0634842945747
214,2021-06-02,638.8427194470775,572.5523325944268,706.6050652209249,638.8427194470775,638.8427194470775,1.2250462902146189,1.2250462902146189,1.2250462902146189,1.2250462902146189,1.2250462902146189,1.2250462902146189,0.0,0.0,0.0,640.0677657372921
215,2021-06-03,638.6512707800049,571.4349857434522,704.0925852687371,638.6512707800049,638.6512707800049,1.2077076163607299,1.2077076163607299,1.2077076163607299,1.2077076163607299,1.2077076163607299,1.2077076163607299,0.0,0.0,0.0,639.8589783963656
216,2021-06-04,638.4598221129323,582.1540271461357,709.6326069347693,638.4598221129323,638.4598221129323,1.9735357218195635,1.9735357218195635,1.9735357218195635,1.9735357218195635,1.9735357218195635,1.9735357218195635,0.0,0.0,0.0,640.4333578347519
217,2021-06-07,637.8854761117145,575.3433851421287,699.6514876620492,637.8854761117145,637.8854761117145,-0.041948689242523554,-0.041948689242523554,-0.041948689242523554,-0.041948689242523554,-0.041948689242523554,-0.041948689242523554,0.0,0.0,0.0,637.843527422472
218,2021-06-08,637.694027444642,572.22066453591,706.6227905455653,637.694027444642,637.694027444642,3.0293161804231046,3.0293161804231046,3.0293161804231046,3.0293161804231046,3.0293161804231046,3.0293161804231046,0.0,0.0,0.0,640.723343625065
219,2021-06-09,637.5025787775694,568.5031348508774,699.8483824408395,637.5025787775694,637.5025787775694,1.225046290209921,1.225046290209921,1.225046290209921,1.225046290209921,1.225046290209921,1.225046290209921,0.0,0.0,0.0,638.7276250677793
220,2021-06-10,637.3111301104967,569.3995421135811,702.2213584375579,637.3111301104967,637.3111301104967,1.2077076163566032,1.2077076163566032,1.2077076163566032,1.2077076163566032,1.2077076163566032,1.2077076163566032,0.0,0.0,0.0,638.5188377268533
221,2021-06-11,637.1196814434242,575.4742759226984,708.02544963885,637.1196814434242,637.1196814434242,1.9735357218155445,1.9735357218155445,1.9735357218155445,1.9735357218155445,1.9735357218155445,1.9735357218155445,0.0,0.0,0.0,639.0932171652397
222,2021-06-14,636.5453354422065,572.1180782027737,696.5293533313506,636.5453354422065,636.5453354422065,-0.04194868923800009,-0.04194868923800009,-0.04194868923800009,-0.04194868923800009,-0.04194868923800009,-0.04194868923800009,0.0,0.0,0.0,636.5033867529685
223,2021-06-15,636.3538867751338,575.2087970411357,701.4787924459813,636.3538867751338,636.3538867751338,3.0293161804215867,3.0293161804215867,3.0293161804215867,3.0293161804215867,3.0293161804215867,3.0293161804215867,0.0,0.0,0.0,639.3832029555554
224,2021-06-16,636.1624381080612,576.69486562117,705.066468686759,636.1624381080612,636.1624381080612,1.2250462902052242,1.2250462902052242,1.2250462902052242,1.2250462902052242,1.2250462902052242,1.2250462902052242,0.0,0.0,0.0,637.3874843982665
225,2021-06-17,635.9709894409885,573.638112367774,702.158716658425,635.9709894409885,635.9709894409885,1.2077076163552083,1.2077076163552083,1.2077076163552083,1.2077076163552083,1.2077076163552083,1.2077076163552083,0.0,0.0,0.0,637.1786970573438
226,2021-06-18,635.779540773916,577.3348039534457,704.8596715790379,635.779540773916,635.779540773916,1.9735357218250416,1.9735357218250416,1.9735357218250416,1.9735357218250416,1.9735357218250416,1.9735357218250416,0.0,0.0,0.0,637.753076495741
227,2021-06-21,635.2051947726983,568.9151502405653,701.9425519716464,635.2051947726983,635.2051947726983,-0.04194868923347615,-0.04194868923347615,-0.04194868923347615,-0.04194868923347615,-0.04194868923347615,-0.04194868923347615,0.0,0.0,0.0,635.1632460834649
228,2021-06-22,635.0137461056256,577.3573360427162,705.7110419087675,635.0137461056256,635.0137461056256,3.0293161804272466,3.0293161804272466,3.0293161804272466,3.0293161804272466,3.0293161804272466,3.0293161804272466,0.0,0.0,0.0,638.0430622860529
229,2021-06-23,634.822297438553,567.0827292979478,700.5008597763629,634.822297438553,634.822297438553,1.2250462902103643,1.2250462902103643,1.2250462902103643,1.2250462902103643,1.2250462902103643,1.2250462902103643,0.0,0.0,0.0,636.0473437287634
230,2021-06-24,634.6308487714805,569.2465041991044,702.1492791711817,634.6308487714805,634.6308487714805,1.2077076163552813,1.2077076163552813,1.2077076163552813,1.2077076163552813,1.2077076163552813,1.2077076163552813,0.0,0.0,0.0,635.8385563878358
231,2021-06-25,634.4394001044079,568.8086215736157,701.4591123228624,634.4394001044079,634.4394001044079,1.9735357218236709,1.9735357218236709,1.9735357218236709,1.9735357218236709,1.9735357218236709,1.9735357218236709,0.0,0.0,0.0,636.4129358262315
232,2021-06-28,633.8650541031901,565.0105946445724,696.7852393469182,633.8650541031902,633.8650541031902,-0.04194868925298301,-0.04194868925298301,-0.04194868925298301,-0.04194868925298301,-0.04194868925298301,-0.04194868925298301,0.0,0.0,0.0,633.8231054139371
233,2021-06-29,633.6736054361174,571.5190125060506,697.7745922053514,633.6736054361174,633.6736054361174,3.0293161804210644,3.0293161804210644,3.0293161804210644,3.0293161804210644,3.0293161804210644,3.0293161804210644,0.0,0.0,0.0,636.7029216165386
234,2021-06-30,633.482156769045,564.1471843099773,696.2100718323204,633.482156769045,633.482156769045,1.2250462902056667,1.2250462902056667,1.2250462902056667,1.2250462902056667,1.2250462902056667,1.2250462902056667,0.0,0.0,0.0,634.7072030592507
235,2021-07-01,633.2907081019724,573.7493033708474,695.7754216939644,633.2907081019724,633.2907081019724,1.2077076163553546,1.2077076163553546,1.2077076163553546,1.2077076163553546,1.2077076163553546,1.2077076163553546,0.0,0.0,0.0,634.4984157183278
236,2021-07-02,633.0992594348997,574.3413897904938,703.149904736239,633.0992594348997,633.0992594348997,1.973535721822301,1.973535721822301,1.973535721822301,1.973535721822301,1.973535721822301,1.973535721822301,0.0,0.0,0.0,635.072795156722
237,2021-07-06,632.3334647666095,570.6017625961321,696.8972284432203,632.3334647666095,632.3334647666095,3.02931618042421,3.02931618042421,3.02931618042421,3.02931618042421,3.02931618042421,3.02931618042421,0.0,0.0,0.0,635.3627809470337
238,2021-07-07,632.1420160995368,571.2968701415805,698.6094965888128,632.1420160995368,632.1420160995368,1.2250462902058878,1.2250462902058878,1.2250462902058878,1.2250462902058878,1.2250462902058878,1.2250462902058878,0.0,0.0,0.0,633.3670623897427
239,2021-07-08,631.9505674324643,565.6560823948951,695.0997738012807,631.9505674324643,631.9505674324643,1.207707616355428,1.207707616355428,1.207707616355428,1.207707616355428,1.207707616355428,1.207707616355428,0.0,0.0,0.0,633.1582750488196
240,2021-07-09,631.7591187653916,565.8493271902149,699.562119461022,631.7591187653916,631.7591187653916,1.973535721818282,1.973535721818282,1.973535721818282,1.973535721818282,1.973535721818282,1.973535721818282,0.0,0.0,0.0,633.7326544872099
241,2021-07-12,631.1847727641739,560.1243914576937,694.2998258962253,631.1847727641739,631.1847727641739,-0.04194868924393512,-0.04194868924393512,-0.04194868924393512,-0.04194868924393512,-0.04194868924393512,-0.04194868924393512,0.0,0.0,0.0,631.14282407493
242,2021-07-13,630.9933240971013,566.7959469001152,697.6710657430585,630.9933240971013,630.9933240971013,3.029316180422692,3.029316180422692,3.029316180422692,3.029316180422692,3.029316180422692,3.029316180422692,0.0,0.0,0.0,634.022640277524
243,2021-07-14,630.8018754300286,567.1631397372239,695.6172283593135,630.8018754300286,630.8018754300286,1.2250462902110568,1.2250462902110568,1.2250462902110568,1.2250462902110568,1.2250462902110568,1.2250462902110568,0.0,0.0,0.0,632.0269217202397
244,2021-07-15,630.6104267629561,564.4023385456517,702.5038932825221,630.6104267629561,630.6104267629561,1.2077076163540323,1.2077076163540323,1.2077076163540323,1.2077076163540323,1.2077076163540323,1.2077076163540323,0.0,0.0,0.0,631.8181343793101
245,2021-07-16,630.4189780958835,567.3523848374363,694.2127345203038,630.4189780958835,630.4189780958835,1.9735357218195604,1.9735357218195604,1.9735357218195604,1.9735357218195604,1.9735357218195604,1.9735357218195604,0.0,0.0,0.0,632.392513817703
246,2021-07-19,629.8446320946657,567.3043174236377,696.7837313559199,629.8446320946657,629.8446320946657,-0.04194868925995706,-0.04194868925995706,-0.04194868925995706,-0.04194868925995706,-0.04194868925995706,-0.04194868925995706,0.0,0.0,0.0,629.8026834054058
247,2021-07-20,629.6531834275931,567.081529398191,701.2172682627437,629.6531834275931,629.6531834275931,3.029316180425837,3.029316180425837,3.029316180425837,3.029316180425837,3.029316180425837,3.029316180425837,0.0,0.0,0.0,632.6824996080189
248,2021-07-21,629.4617347605206,565.4536297399119,696.5404190630964,629.4617347605206,629.4617347605206,1.2250462902112784,1.2250462902112784,1.2250462902112784,1.2250462902112784,1.2250462902112784,1.2250462902112784,0.0,0.0,0.0,630.6867810507318
249,2021-07-22,629.270286093448,562.7480753057677,690.3355093034761,629.270286093448,629.270286093448,1.2077076163583054,1.2077076163583054,1.2077076163583054,1.2077076163583054,1.2077076163583054,1.2077076163583054,0.0,0.0,0.0,630.4779937098064
250,2021-07-23,629.0788374263755,564.274636694269,698.561657616126,629.0788374263755,629.0788374263755,1.9735357218155414,1.9735357218155414,1.9735357218155414,1.9735357218155414,1.9735357218155414,1.9735357218155414,0.0,0.0,0.0,631.052373148191
251,2021-07-26,628.5044914251575,557.8595612352,690.4873253133145,628.5044914251575,628.5044914251575,-0.041948689258918224,-0.041948689258918224,-0.041948689258918224,-0.041948689258918224,-0.041948689258918224,-0.041948689258918224,0.0,0.0,0.0,628.4625427358986
252,2021-07-27,628.3130427580851,570.8460215906638,697.1768954201837,628.3130427580851,628.3130427580851,3.0293161804196553,3.0293161804196553,3.0293161804196553,3.0293161804196553,3.0293161804196553,3.0293161804196553,0.0,0.0,0.0,631.3423589385047
253,2021-07-28,628.1215940910124,567.2675028743876,696.2751337781925,628.1215940910124,628.1215940910124,1.2250462902065808,1.2250462902065808,1.2250462902065808,1.2250462902065808,1.2250462902065808,1.2250462902065808,0.0,0.0,0.0,629.346640381219
254,2021-07-29,627.9301454239398,568.5668399931071,691.4687150048475,627.9301454239398,627.9301454239398,1.2077076163541784,1.2077076163541784,1.2077076163541784,1.2077076163541784,1.2077076163541784,1.2077076163541784,0.0,0.0,0.0,629.137853040294
255,2021-07-30,627.7386967568673,564.7194874562765,693.8390211650438,627.7383216446397,627.7399971677478,1.9735357218250384,1.9735357218250384,1.9735357218250384,1.9735357218250384,1.9735357218250384,1.9735357218250384,0.0,0.0,0.0,629.7122324786923
256,2021-07-31,627.5472480897946,558.0701649982641,691.026674590541,627.4169211264233,627.6994903360079,-3.696828577950291,-3.696828577950291,-3.696828577950291,-3.696828577950291,-3.696828577950291,-3.696828577950291,0.0,0.0,0.0,623.8504195118443
257,2021-08-01,627.355799422722,560.7442157182039,685.3417569215048,627.062812570174,627.7141590070627,-3.696828541614423,-3.696828541614423,-3.696828541614423,-3.696828541614423,-3.696828541614423,-3.696828541614423,0.0,0.0,0.0,623.6589708811076
258,2021-08-02,627.1643507556496,555.5849032729767,695.9243625474235,626.6546388293374,627.7997667058715,-0.04194868925090937,-0.04194868925090937,-0.04194868925090937,-0.04194868925090937,-0.04194868925090937,-0.04194868925090937,0.0,0.0,0.0,627.1224020663986
259,2021-08-03,626.9729020885769,562.4025870416768,695.0170418230529,626.193583097671,627.9936734062213,3.029316180422801,3.029316180422801,3.029316180422801,3.029316180422801,3.029316180422801,3.029316180422801,0.0,0.0,0.0,630.0022182689997
260,2021-08-04,626.7814534215044,565.3768930398452,693.2651267553505,625.7004640435467,628.2068690027255,1.2250462902117212,1.2250462902117212,1.2250462902117212,1.2250462902117212,1.2250462902117212,1.2250462902117212,0.0,0.0,0.0,628.0064997117161
261,2021-08-05,626.5900047544317,557.5216461892785,688.8804240231694,625.2104270844745,628.3642880753998,1.2077076163584517,1.2077076163584517,1.2077076163584517,1.2077076163584517,1.2077076163584517,1.2077076163584517,0.0,0.0,0.0,627.7977123707901
262,2021-08-06,626.3985560873591,558.2953142741751,697.2539242311202,624.5884461010659,628.6055231740849,1.9735357218236682,1.9735357218236682,1.9735357218236682,1.9735357218236682,1.9735357218236682,1.9735357218236682,0.0,0.0,0.0,628.3720918091827
263,2021-08-07,626.2071074202865,558.1610068791693,685.7098889205422,623.9290479978397,629.0293282311906,-3.6968285779537555,-3.6968285779537555,-3.6968285779537555,-3.6968285779537555,-3.6968285779537555,-3.6968285779537555,0.0,0.0,0.0,622.5102788423328
264,2021-08-08,626.015658753214,560.6140496182389,688.3125965557817,623.3217529217845,629.2798268861735,-3.6968285416112727,-3.6968285416112727,-3.6968285416112727,-3.6968285416112727,-3.6968285416112727,-3.6968285416112727,0.0,0.0,0.0,622.3188302116027
265,2021-08-09,625.8242100861414,564.3683783941864,694.1678023182143,622.588522087824,629.6117333569807,-0.041948689249870344,-0.041948689249870344,-0.041948689249870344,-0.041948689249870344,-0.041948689249870344,-0.041948689249870344,0.0,0.0,0.0,625.7822613968915
266,2021-08-10,625.6327614190687,565.6163600134106,688.9060257453194,621.891284858184,630.0131639806312,3.029316180423797,3.029316180423797,3.029316180423797,3.029316180423797,3.029316180423797,3.029316180423797,0.0,0.0,0.0,628.6620775994926
267,2021-08-11,625.4413127519962,558.7223708130127,689.3565329475696,621.3166810567872,630.306658399847,1.2250462902070238,1.2250462902070238,1.2250462902070238,1.2250462902070238,1.2250462902070238,1.2250462902070238,0.0,0.0,0.0,626.6663590422032
268,2021-08-12,625.2498640849236,565.1154708500094,688.0125133259249,620.4488026195475,630.6841477803274,1.2077076163585247,1.2077076163585247,1.2077076163585247,1.2077076163585247,1.2077076163585247,1.2077076163585247,0.0,0.0,0.0,626.4575717012822
269,2021-08-13,625.058415417851,566.9154497801339,692.8559685092059,619.7931055461091,630.9978152438459,1.973535721822298,1.973535721822298,1.973535721822298,1.973535721822298,1.973535721822298,1.973535721822298,0.0,0.0,0.0,627.0319511396733
270,2021-08-14,624.8669667507785,556.4431213142896,686.6435088355593,619.1742206619831,631.2720464793128,-3.6968285779566457,-3.6968285779566457,-3.6968285779566457,-3.6968285779566457,-3.6968285779566457,-3.6968285779566457,0.0,0.0,0.0,621.1701381728218
271,2021-08-15,624.6755180837058,551.3060137315302,682.5790192545336,618.1641473467316,631.6293771628073,-3.696828541621829,-3.696828541621829,-3.696828541621829,-3.696828541621829,-3.696828541621829,-3.696828541621829,0.0,0.0,0.0,620.978689542084
272,2021-08-16,624.4840694166332,549.288961130739,691.9691334653709,617.2673133947587,632.0294269655712,-0.0419486892488317,-0.0419486892488317,-0.0419486892488317,-0.0419486892488317,-0.0419486892488317,-0.0419486892488317,0.0,0.0,0.0,624.4421207273845
273,2021-08-17,624.2926207495606,563.3443907681321,695.4013691849196,616.4309828135141,632.4076985518118,3.029316180422279,3.029316180422279,3.029316180422279,3.029316180422279,3.029316180422279,3.029316180422279,0.0,0.0,0.0,627.3219369299828
274,2021-08-18,624.1011720824881,560.878964523131,688.0828510052111,615.5381912647513,632.9087659471883,1.2250462902121928,1.2250462902121928,1.2250462902121928,1.2250462902121928,1.2250462902121928,1.2250462902121928,0.0,0.0,0.0,625.3262183727003
275,2021-08-19,623.9097234154156,558.4991803619143,691.7631970751988,614.425205656054,633.357771345534,1.2077076163585978,1.2077076163585978,1.2077076163585978,1.2077076163585978,1.2077076163585978,1.2077076163585978,0.0,0.0,0.0,625.1174310317741
276,2021-08-20,623.7182747483429,564.5555858189648,694.2295675339566,613.7715770164477,633.6483811841607,1.973535721818279,1.973535721818279,1.973535721818279,1.973535721818279,1.973535721818279,1.973535721818279,0.0,0.0,0.0,625.6918104701612
277,2021-08-21,623.5268260812703,553.4115101130493,683.0669052860544,612.953955562461,634.2617219865347,-3.6968285779423242,-3.6968285779423242,-3.6968285779423242,-3.6968285779423242,-3.6968285779423242,-3.6968285779423242,0.0,0.0,0.0,619.829997503328
278,2021-08-22,623.3353774141976,550.5693376603665,687.059594013142,611.9473662354333,634.9354249197897,-3.6968285416186797,-3.6968285416186797,-3.6968285416186797,-3.6968285416186797,-3.6968285416186797,-3.6968285416186797,0.0,0.0,0.0,619.638548872579
279,2021-08-23,623.1439287471251,553.5122678936682,687.1283933553357,610.7829077311505,635.3381767982139,-0.04194868924082275,-0.04194868924082275,-0.04194868924082275,-0.04194868924082275,-0.04194868924082275,-0.04194868924082275,0.0,0.0,0.0,623.1019800578842
280,2021-08-24,622.9524800800526,556.1424722462565,698.0369648864903,609.7539594272988,635.909630854903,3.0293161804207607,3.0293161804207607,3.0293161804207607,3.0293161804207607,3.0293161804207607,3.0293161804207607,0.0,0.0,0.0,625.9817962604734
281,2021-08-25,622.76103141298,557.2209633287285,691.0311663438049,608.7437378845632,636.323232573441,1.2250462902074952,1.2250462902074952,1.2250462902074952,1.2250462902074952,1.2250462902074952,1.2250462902074952,0.0,0.0,0.0,623.9860777031874
282,2021-08-26,622.5695827459074,559.5610875945415,693.2676803273616,607.5831427493576,636.8330407907382,1.2077076163530032,1.2077076163530032,1.2077076163530032,1.2077076163530032,1.2077076163530032,1.2077076163530032,0.0,0.0,0.0,623.7772903622604
